{"cameraMode":{"drawMode":0,"name":"Shaded","section":"Shading Mode"},"sceneLighting":true,"audioPlay":false,"sceneViewState":{"showFog":true,"showMaterialUpdate":false,"showSkybox":true,"showFlares":true,"showImageEffects":true,"showParticleSystems":true},"in2DMode":false,"pivot":{"x":-5.3806610107421879,"y":0.27742719650268557,"z":4.531551361083984},"rotation":{"x":-0.15065036714076997,"y":0.3343879282474518,"z":-0.05424126237630844,"w":-0.9287344217300415},"size":10.0,"orthographic":false}